images/1014.png,374,256,1753,1219,Raspberry pi4
images/793.png,360,17,1860,1524,Raspberry pi4
images/566.png,100,93,1893,1363,Raspberry pi4
images/5.png,2,9,113,205,protoboar
images/851.png,304,35,1909,1472,Raspberry pi4
images/551.png,1,2,1084,861,Raspberry pi4
images/353.png,24,17,670,430,protoboar
images/1018.png,567,86,1502,1354,Raspberry pi4
images/571.png,93,126,1769,1168,Raspberry pi4
images/242.png,24,38,725,268,protoboar
images/606.png,34,25,219,156,Raspberry pi4
images/747.png,288,245,1974,1270,Raspberry pi4
images/594.png,4,2,1600,1125,Raspberry pi4
images/748.png,348,138,1781,1389,Raspberry pi4
images/63.png,4,10,202,183,protoboar
images/419.png,4,4,532,570,protoboar
images/473.png,7,1,411,258,protoboar
images/674.png,56,13,217,178,Raspberry pi4
images/17.png,12,6,315,261,protoboar
images/490.png,2,7,580,569,protoboar
images/794.png,427,54,1579,1424,Raspberry pi4
images/437.png,4,4,596,188,protoboar
images/712.png,241,254,1746,1165,Raspberry pi4
images/36.png,11,34,300,271,protoboar
images/366.png,5,27,554,505,protoboar
images/810.png,390,242,1583,1249,Raspberry pi4
images/154.png,16,7,196,193,protoboar
images/146.png,5,7,205,204,protoboar
images/838.png,297,68,2018,1449,Raspberry pi4
images/944.png,541,305,1767,1142,Raspberry pi4
images/34.png,36,114,517,404,protoboar
images/1025.png,153,107,1997,1361,Raspberry pi4
images/1007.png,106,35,1969,1398,Raspberry pi4
images/826.png,69,131,1748,1438,Raspberry pi4
images/237.png,11,9,352,124,protoboar
images/796.png,304,28,1706,1458,Raspberry pi4
images/540.png,28,83,583,499,Raspberry pi4
images/883.png,476,414,1748,1233,Raspberry pi4
images/788.png,162,396,1541,1138,Raspberry pi4
images/306.png,21,31,728,271,protoboar
images/215.png,1,2,218,191,protoboar
images/502.png,29,29,726,268,protoboar
images/362.png,7,6,524,577,protoboar
images/143.png,1,4,313,204,protoboar
images/547.png,4,65,1600,1129,Raspberry pi4
images/10.png,2,3,380,232,protoboar
images/266.png,32,11,527,546,protoboar
images/230.png,6,7,447,158,protoboar
images/585.png,207,745,1366,1589,Raspberry pi4
images/328.png,17,117,499,465,protoboar
images/338.png,14,6,429,648,protoboar
images/50.png,212,6,304,205,protoboar
images/845.png,423,282,1762,1363,Raspberry pi4
images/1001.png,206,42,1818,1263,Raspberry pi4
images/847.png,295,63,1844,1414,Raspberry pi4
images/252.png,28,35,727,271,protoboar
images/178.png,2,1,105,320,protoboar
images/35.png,20,118,527,400,protoboar
images/559.png,13,620,1432,1533,Raspberry pi4
images/258.png,4,4,532,563,protoboar
images/307.png,28,25,725,272,protoboar
images/23.png,321,180,549,482,protoboar
images/898.png,383,79,1453,1479,Raspberry pi4
images/581.png,244,196,1904,1321,Raspberry pi4
images/256.png,11,2,529,577,protoboar
images/382.png,30,35,726,277,protoboar
images/894.png,165,128,1660,1182,Raspberry pi4
images/180.png,18,4,274,183,protoboar
images/232.png,6,1,307,199,protoboar
images/711.png,188,84,1937,1389,Raspberry pi4
images/101.png,2,2,188,203,protoboar
images/3.png,4,2,136,198,protoboar
images/885.png,176,147,1758,1386,Raspberry pi4
images/361.png,6,7,531,555,protoboar
images/770.png,120,105,1832,1175,Raspberry pi4
images/474.png,7,2,410,259,protoboar
images/478.png,1,1,580,568,protoboar
images/553.png,3,5,1084,878,Raspberry pi4
images/619.png,32,36,216,155,Raspberry pi4
images/744.png,26,10,256,174,Raspberry pi4
images/19.png,48,65,577,500,protoboar
images/155.png,7,5,135,197,protoboar
images/326.png,138,11,420,535,protoboar
images/187.png,55,14,159,190,protoboar
images/521.png,25,5,395,264,Raspberry pi4
images/220.png,1,3,305,200,protoboar
images/173.png,16,1,274,185,protoboar
images/7.png,32,27,540,494,protoboar
images/751.png,127,96,1990,1384,Raspberry pi4
images/496.png,29,36,724,268,protoboar
images/408.png,288,33,407,391,protoboar
images/714.png,327,193,1832,1205,Raspberry pi4
images/721.png,241,233,1895,1286,Raspberry pi4
images/696.png,11,8,212,138,Raspberry pi4
images/505.png,21,35,730,271,protoboar
images/137.png,13,16,407,180,protoboar
images/100.png,4,3,252,189,protoboar
images/380.png,26,29,726,274,protoboar
images/679.png,44,7,182,215,Raspberry pi4
images/352.png,9,2,617,490,protoboar
images/1009.png,465,361,1862,1233,Raspberry pi4
images/373.png,33,41,733,271,protoboar
images/729.png,193,168,1983,1324,Raspberry pi4
images/425.png,3,208,492,447,protoboar
images/170.png,55,12,159,191,protoboar
images/500.png,27,37,724,273,protoboar
images/567.png,20,100,1876,1293,Raspberry pi4
images/236.png,12,12,352,118,protoboar
images/412.png,1,1,530,573,protoboar
images/917.png,144,119,1902,1275,Raspberry pi4
images/604.png,16,49,208,181,Raspberry pi4
images/755.png,97,65,1986,1275,Raspberry pi4
images/349.png,124,46,424,489,protoboar
images/82.png,17,12,437,155,protoboar
images/355.png,23,21,666,439,protoboar
images/11.png,32,135,480,541,protoboar
images/98.png,1,1,188,205,protoboar
images/809.png,130,175,1534,1361,Raspberry pi4
images/549.png,4,36,1600,1140,Raspberry pi4
images/435.png,18,29,650,618,protoboar
images/76.png,2,1,249,189,protoboar
images/930.png,62,198,1641,1270,Raspberry pi4
images/340.png,1,1,107,316,protoboar
images/904.png,288,119,1937,1296,Raspberry pi4
images/846.png,413,245,1765,1345,Raspberry pi4
images/629.png,30,18,215,160,Raspberry pi4
images/388.png,30,33,724,271,protoboar
images/66.png,4,2,320,319,protoboar
images/936.png,16,258,1627,1324,Raspberry pi4
images/436.png,4,3,597,188,protoboar
images/121.png,9,9,358,124,protoboar
images/772.png,632,7,1683,1524,Raspberry pi4
images/269.png,36,146,486,516,protoboar
images/888.png,79,49,1802,1463,Raspberry pi4
images/108.png,4,6,260,186,protoboar
images/870.png,193,207,1783,1265,Raspberry pi4
images/675.png,57,12,208,174,Raspberry pi4
images/47.png,21,16,429,153,protoboar
images/707.png,332,233,1793,1214,Raspberry pi4
images/233.png,19,24,497,185,protoboar
images/231.png,3,2,313,190,protoboar
images/389.png,22,36,725,274,protoboar
images/124.png,79,29,464,174,protoboar
images/453.png,1,2,696,225,protoboar
images/479.png,2,10,580,577,protoboar
images/1012.png,288,51,1981,1400,Raspberry pi4
images/480.png,1,6,580,576,protoboar
images/698.png,7,5,213,141,Raspberry pi4
images/699.png,7,5,212,141,Raspberry pi4
images/686.png,5,3,281,169,Raspberry pi4
images/854.png,451,135,1974,1321,Raspberry pi4
images/771.png,560,54,1565,1456,Raspberry pi4
images/805.png,169,63,1639,1349,Raspberry pi4
images/48.png,30,37,721,270,protoboar
images/837.png,362,47,1974,1407,Raspberry pi4
images/661.png,12,72,212,201,Raspberry pi4
images/5.png,118,1,211,205,protoboar
images/1024.png,195,93,1972,1365,Raspberry pi4
images/923.png,716,138,1479,1312,Raspberry pi4
images/814.png,123,138,1823,1258,Raspberry pi4
images/670.png,9,3,242,180,Raspberry pi4
images/875.png,239,35,1560,1484,Raspberry pi4
images/647.png,19,29,226,169,Raspberry pi4
images/631.png,23,6,267,157,Raspberry pi4
images/257.png,6,3,532,574,protoboar
images/1027.png,367,240,1795,1193,Raspberry pi4
images/515.png,1,1,254,205,Raspberry pi4
images/506.png,5,2,203,173,Raspberry pi4
images/214.png,1,4,313,197,protoboar
images/950.png,179,172,1874,1293,Raspberry pi4
images/377.png,34,38,722,272,protoboar
images/608.png,41,15,239,165,Raspberry pi4
images/734.png,181,170,1848,1247,Raspberry pi4
images/589.png,207,498,1066,1936,Raspberry pi4
images/413.png,4,5,532,566,protoboar
images/1000.png,253,291,1569,1270,Raspberry pi4
images/61.png,3,5,252,200,protoboar
images/190.png,7,1,313,193,protoboar
images/633.png,6,8,213,140,Raspberry pi4
images/384.png,25,36,724,267,protoboar
images/815.png,176,168,1895,1351,Raspberry pi4
images/109.png,4,5,259,188,protoboar
images/365.png,14,21,526,527,protoboar
images/274.png,18,22,483,209,protoboar
images/371.png,33,33,723,269,protoboar
images/892.png,134,21,1530,1465,Raspberry pi4
images/512.png,16,37,272,198,Raspberry pi4
images/175.png,1,1,107,319,protoboar
images/115.png,8,9,357,123,protoboar
images/336.png,8,6,429,644,protoboar
images/812.png,344,200,1686,1214,Raspberry pi4
images/26.png,133,53,430,487,protoboar
images/692.png,22,15,250,154,Raspberry pi4
images/45.png,1,2,617,479,protoboar
images/332.png,7,13,425,656,protoboar
images/737.png,313,121,1800,1254,Raspberry pi4
images/422.png,1,218,492,427,protoboar
images/279.png,13,9,343,130,protoboar
images/834.png,316,84,1951,1484,Raspberry pi4
images/181.png,16,4,217,205,protoboar
images/901.png,355,154,1920,1310,Raspberry pi4
images/60.png,120,2,206,201,protoboar
images/452.png,1,3,698,220,protoboar
images/423.png,1,209,492,447,protoboar
images/811.png,379,303,1576,1240,Raspberry pi4
images/273.png,38,40,598,462,protoboar
images/316.png,5,4,570,523,protoboar
images/228.png,12,13,354,122,protoboar
images/761.png,620,33,1744,1407,Raspberry pi4
images/757.png,127,114,1930,1354,Raspberry pi4
images/684.png,45,10,194,213,Raspberry pi4
images/557.png,1,558,1472,1680,Raspberry pi4
images/493.png,5,3,579,570,protoboar
images/800.png,206,86,1723,1477,Raspberry pi4
images/754.png,739,45,1679,1361,Raspberry pi4
images/184.png,5,16,278,193,protoboar
images/537.png,28,70,600,489,Raspberry pi4
images/235.png,10,14,343,128,protoboar
images/219.png,3,1,205,203,protoboar
images/700.png,5,4,214,141,Raspberry pi4
images/861.png,295,121,1686,1263,Raspberry pi4
images/727.png,158,196,1960,1272,Raspberry pi4
images/179.png,28,12,192,198,protoboar
images/797.png,286,17,1593,1486,Raspberry pi4
images/93.png,14,19,394,169,protoboar
images/752.png,781,98,1669,1412,Raspberry pi4
images/525.png,31,16,386,247,Raspberry pi4
images/673.png,38,19,258,162,Raspberry pi4
images/533.png,23,38,599,486,Raspberry pi4
images/471.png,8,1,408,258,protoboar
images/591.png,6,10,1084,877,Raspberry pi4
images/292.png,177,8,374,546,protoboar
images/195.png,2,1,376,247,protoboar
images/213.png,19,14,531,182,protoboar
images/394.png,30,34,726,274,protoboar
images/2.png,13,12,205,193,protoboar
images/903.png,351,147,1930,1282,Raspberry pi4
images/71.png,75,13,535,534,protoboar
images/126.png,13,17,342,126,protoboar
images/393.png,28,36,726,271,protoboar
images/603.png,47,5,190,215,Raspberry pi4
images/222.png,3,1,190,204,protoboar
images/941.png,302,370,1667,1293,Raspberry pi4
images/663.png,37,40,217,152,Raspberry pi4
images/345.png,4,18,300,444,protoboar
images/267.png,24,4,533,493,protoboar
images/443.png,1,1,700,225,protoboar
images/89.png,66,2,141,203,protoboar
images/342.png,2,1,571,531,protoboar
images/430.png,160,4,339,494,protoboar
images/191.png,21,22,402,168,protoboar
images/359.png,6,3,532,565,protoboar
images/887.png,123,35,1772,1477,Raspberry pi4
images/928.png,260,300,1825,1282,Raspberry pi4
images/724.png,62,91,1920,1293,Raspberry pi4
images/451.png,1,1,700,224,protoboar
images/836.png,606,38,1634,1433,Raspberry pi4
images/106.png,3,1,313,205,protoboar
images/3.png,144,6,274,198,protoboar
images/508.png,41,43,115,171,Raspberry pi4
images/439.png,1,2,359,139,protoboar
images/12.png,2,6,617,489,protoboar
images/248.png,29,33,724,268,protoboar
images/197.png,50,6,591,454,protoboar
images/867.png,220,149,1665,1191,Raspberry pi4
images/718.png,583,89,1423,1319,Raspberry pi4
images/672.png,45,19,232,160,Raspberry pi4
images/329.png,9,97,671,349,protoboar
images/103.png,4,3,206,195,protoboar
images/562.png,151,256,1848,1319,Raspberry pi4
images/623.png,12,10,249,160,Raspberry pi4
images/735.png,330,103,1806,1224,Raspberry pi4
images/415.png,4,3,532,575,protoboar
images/648.png,24,26,229,167,Raspberry pi4
images/131.png,81,31,462,173,protoboar
images/934.png,67,247,1739,1342,Raspberry pi4
images/60.png,224,2,311,205,protoboar
images/550.png,8,31,1600,1114,Raspberry pi4
images/119.png,6,1,313,204,protoboar
images/414.png,3,1,532,574,protoboar
images/708.png,206,258,1841,1465,Raspberry pi4
images/609.png,4,83,97,223,Raspberry pi4
images/927.png,225,261,1837,1279,Raspberry pi4
images/291.png,173,10,379,540,protoboar
images/298.png,11,6,510,577,protoboar
images/910.png,393,186,1932,1219,Raspberry pi4
images/46.png,15,16,554,515,protoboar
images/6.png,1,6,313,201,protoboar
images/1023.png,109,128,1927,1317,Raspberry pi4
images/804.png,165,38,1630,1335,Raspberry pi4
images/313.png,24,39,724,272,protoboar
images/652.png,7,5,211,141,Raspberry pi4
images/841.png,83,26,1951,1482,Raspberry pi4
images/296.png,5,8,532,575,protoboar
images/166.png,6,11,157,175,protoboar
images/323.png,5,10,571,522,protoboar
images/43.png,4,2,380,244,protoboar
images/172.png,2,2,204,203,protoboar
images/141.png,15,16,402,165,protoboar
images/217.png,6,17,356,134,protoboar
images/501.png,30,41,723,266,protoboar
images/288.png,180,11,382,543,protoboar
images/507.png,43,47,119,173,Raspberry pi4
images/447.png,2,1,698,222,protoboar
images/569.png,30,110,1930,1261,Raspberry pi4
images/174.png,1,1,104,318,protoboar
images/681.png,50,10,185,213,Raspberry pi4
images/842.png,134,28,1890,1461,Raspberry pi4
images/578.png,304,212,1895,1331,Raspberry pi4
images/563.png,158,191,1827,1349,Raspberry pi4
images/372.png,29,37,725,269,protoboar
images/310.png,28,31,726,276,protoboar
images/275.png,6,20,467,397,protoboar
images/954.png,765,21,1709,1370,Raspberry pi4
images/860.png,204,54,1832,1440,Raspberry pi4
images/742.png,16,22,251,190,Raspberry pi4
images/651.png,10,6,211,140,Raspberry pi4
images/657.png,52,10,263,141,Raspberry pi4
images/224.png,11,11,354,121,protoboar
images/942.png,262,335,1686,1291,Raspberry pi4
images/212.png,10,12,353,119,protoboar
images/918.png,269,107,1951,1214,Raspberry pi4
images/102.png,7,5,449,157,protoboar
images/492.png,4,6,580,560,protoboar
images/209.png,10,11,354,121,protoboar
images/158.png,1,3,313,204,protoboar
images/27.png,140,57,419,485,protoboar
images/418.png,2,7,530,577,protoboar
images/1019.png,574,54,1551,1333,Raspberry pi4
images/339.png,2,1,103,316,protoboar
images/23.png,3,2,369,374,protoboar
images/163.png,5,9,205,201,protoboar
images/1020.png,597,77,1455,1338,Raspberry pi4
images/745.png,220,124,2002,1354,Raspberry pi4
images/868.png,193,149,1672,1189,Raspberry pi4
images/53.png,1,3,104,317,protoboar
images/92.png,1,1,206,203,protoboar
images/395.png,23,35,724,271,protoboar
images/649.png,22,8,277,161,Raspberry pi4
images/294.png,73,133,488,413,protoboar
images/99.png,1,1,185,206,protoboar
images/139.png,1,1,190,203,protoboar
images/931.png,88,282,1713,1331,Raspberry pi4
images/18.png,9,8,317,291,protoboar
images/176.png,14,10,248,193,protoboar
images/558.png,7,661,1407,1617,Raspberry pi4
images/1002.png,200,151,1767,1326,Raspberry pi4
images/517.png,22,59,143,165,Raspberry pi4
images/943.png,267,349,1686,1335,Raspberry pi4
images/913.png,209,82,1946,1228,Raspberry pi4
images/134.png,56,16,152,184,protoboar
images/1010.png,444,324,1848,1251,Raspberry pi4
images/955.png,809,51,1665,1384,Raspberry pi4
images/920.png,318,131,1983,1191,Raspberry pi4
images/408.png,154,33,273,391,protoboar
images/144.png,11,15,345,127,protoboar
images/520.png,23,2,384,243,Raspberry pi4
images/719.png,674,207,1434,1365,Raspberry pi4
images/120.png,8,9,355,122,protoboar
images/51.png,11,12,297,434,protoboar
images/314.png,29,36,732,270,protoboar
images/773.png,804,40,1744,1410,Raspberry pi4
images/552.png,3,9,1065,867,Raspberry pi4
images/573.png,81,131,1662,1163,Raspberry pi4
images/850.png,283,49,1911,1435,Raspberry pi4
images/542.png,19,39,580,484,Raspberry pi4
images/610.png,4,8,239,188,Raspberry pi4
images/223.png,5,24,328,128,protoboar
images/69.png,104,28,548,537,protoboar
images/374.png,36,44,724,271,protoboar
images/715.png,227,165,1813,1272,Raspberry pi4
images/299.png,4,11,532,575,protoboar
images/410.png,9,15,301,179,protoboar
images/639.png,28,17,226,166,Raspberry pi4
images/513.png,2,13,200,176,Raspberry pi4
images/54.png,15,28,138,393,protoboar
images/824.png,274,179,1748,1247,Raspberry pi4
images/830.png,437,103,1453,1521,Raspberry pi4
images/598.png,36,44,585,485,Raspberry pi4
images/79.png,13,15,276,191,protoboar
images/351.png,108,19,498,538,protoboar
images/822.png,167,149,1660,1291,Raspberry pi4
images/607.png,35,4,214,177,Raspberry pi4
images/60.png,1,14,112,199,protoboar
images/54.png,286,30,409,394,protoboar
images/287.png,173,9,380,547,protoboar
images/839.png,302,12,1939,1403,Raspberry pi4
images/472.png,7,3,409,259,protoboar
images/706.png,400,261,1841,1219,Raspberry pi4
images/245.png,27,32,727,268,protoboar
images/21.png,2,1,103,317,protoboar
images/477.png,3,3,580,575,protoboar
images/305.png,24,35,725,274,protoboar
images/758.png,660,98,1544,1424,Raspberry pi4
images/669.png,2,1,250,187,Raspberry pi4
images/766.png,155,189,1834,1300,Raspberry pi4
images/577.png,230,149,1855,1321,Raspberry pi4
images/600.png,160,170,1407,1345,Raspberry pi4
images/612.png,4,5,239,183,Raspberry pi4
images/42.png,2,4,378,351,protoboar
images/204.png,2,2,187,204,protoboar
images/939.png,290,365,1667,1293,Raspberry pi4
images/862.png,741,51,1604,1454,Raspberry pi4
images/57.png,11,9,190,181,protoboar
images/268.png,8,11,365,345,protoboar
images/916.png,148,114,1927,1251,Raspberry pi4
images/876.png,232,14,1683,1477,Raspberry pi4
images/667.png,4,4,249,182,Raspberry pi4
images/250.png,25,36,725,268,protoboar
images/823.png,244,100,1713,1221,Raspberry pi4
images/536.png,2,61,572,488,Raspberry pi4
images/620.png,36,30,219,153,Raspberry pi4
images/1013.png,255,61,1953,1363,Raspberry pi4
images/907.png,262,103,1909,1328,Raspberry pi4
images/1022.png,234,245,1876,1249,Raspberry pi4
images/324.png,124,14,421,541,protoboar
images/431.png,163,8,344,494,protoboar
images/281.png,52,11,524,493,protoboar
images/364.png,1,4,617,483,protoboar
images/206.png,10,11,354,123,protoboar
images/919.png,297,114,2011,1268,Raspberry pi4
images/535.png,24,48,589,485,Raspberry pi4
images/630.png,20,8,233,166,Raspberry pi4
images/498.png,26,36,727,266,protoboar
images/709.png,158,58,1979,1349,Raspberry pi4
images/169.png,48,10,162,193,protoboar
images/391.png,30,35,725,271,protoboar
images/560.png,3,630,1403,1570,Raspberry pi4
images/426.png,2,15,488,489,protoboar
images/497.png,29,39,727,270,protoboar
images/157.png,14,15,202,194,protoboar
images/308.png,33,40,724,269,protoboar
images/59.png,12,1,203,187,protoboar
images/866.png,248,231,1700,1212,Raspberry pi4
images/227.png,6,25,327,129,protoboar
images/303.png,24,36,722,267,protoboar
images/635.png,17,5,276,162,Raspberry pi4
images/301.png,23,35,722,267,protoboar
images/350.png,135,59,416,477,protoboar
images/582.png,227,147,1944,1338,Raspberry pi4
images/897.png,200,86,1723,1419,Raspberry pi4
images/921.png,679,119,1565,1396,Raspberry pi4
images/470.png,1,5,700,224,protoboar
images/240.png,12,17,341,125,protoboar
images/317.png,1,14,571,533,protoboar
images/660.png,8,68,217,199,Raspberry pi4
images/22.png,1,1,190,202,protoboar
images/449.png,6,1,275,174,protoboar
images/762.png,553,45,1769,1493,Raspberry pi4
images/775.png,795,38,1686,1428,Raspberry pi4
images/161.png,3,3,313,203,protoboar
images/1003.png,246,140,1820,1345,Raspberry pi4
images/792.png,430,58,1853,1461,Raspberry pi4
images/831.png,174,42,1826,1536,Raspberry pi4
images/643.png,24,28,224,164,Raspberry pi4
images/282.png,154,43,409,499,protoboar
images/312.png,25,35,722,268,protoboar
images/408.png,21,30,134,392,protoboar
images/694.png,23,17,256,156,Raspberry pi4
images/840.png,165,12,1904,1438,Raspberry pi4
images/825.png,223,198,1727,1279,Raspberry pi4
images/872.png,206,40,1832,1440,Raspberry pi4
images/44.png,25,117,486,510,protoboar
images/723.png,155,82,1948,1338,Raspberry pi4
images/642.png,30,27,225,166,Raspberry pi4
images/243.png,15,39,728,269,protoboar
images/375.png,25,31,724,266,protoboar
images/348.png,131,37,422,487,protoboar
images/309.png,24,36,723,270,protoboar
images/203.png,8,11,232,185,protoboar
images/658.png,50,6,262,141,Raspberry pi4
images/330.png,24,14,504,356,protoboar
images/864.png,586,65,1555,1500,Raspberry pi4
images/1008.png,81,49,1972,1377,Raspberry pi4
images/798.png,439,75,1593,1431,Raspberry pi4
images/627.png,11,70,216,201,Raspberry pi4
images/568.png,53,100,1895,1249,Raspberry pi4
images/510.png,9,34,257,197,Raspberry pi4
images/188.png,15,21,500,187,protoboar
images/728.png,216,149,1962,1384,Raspberry pi4
images/123.png,18,25,503,185,protoboar
images/1028.png,362,251,1886,1247,Raspberry pi4
images/29.png,4,7,617,493,protoboar
images/895.png,146,14,1681,1200,Raspberry pi4
images/33.png,37,1,557,504,protoboar
images/616.png,7,2,245,185,Raspberry pi4
images/401.png,1,1,106,319,protoboar
images/295.png,4,8,532,571,protoboar
images/636.png,19,1,276,161,Raspberry pi4
images/156.png,2,1,313,203,protoboar
images/263.png,3,3,532,565,protoboar
images/38.png,2,2,318,320,protoboar
images/722.png,276,240,1886,1293,Raspberry pi4
images/695.png,10,8,206,141,Raspberry pi4
images/345.png,322,12,620,453,protoboar
images/150.png,6,2,254,197,protoboar
images/244.png,24,34,735,277,protoboar
images/107.png,11,12,354,119,protoboar
images/54.png,153,26,270,392,protoboar
images/654.png,17,3,272,163,Raspberry pi4
images/546.png,40,93,1600,1143,Raspberry pi4
images/664.png,39,34,229,154,Raspberry pi4
images/554.png,90,219,1455,1038,Raspberry pi4
images/167.png,5,8,146,194,protoboar
images/790.png,137,305,1420,1107,Raspberry pi4
images/286.png,168,4,378,543,protoboar
images/701.png,10,2,286,170,Raspberry pi4
images/168.png,17,8,433,163,protoboar
images/383.png,27,33,725,271,protoboar
images/932.png,113,221,1811,1319,Raspberry pi4
images/302.png,27,30,723,271,protoboar
images/444.png,2,2,700,225,protoboar
images/457.png,12,5,637,202,protoboar
images/261.png,3,1,617,490,protoboar
images/945.png,560,289,1781,1154,Raspberry pi4
images/759.png,597,31,1646,1431,Raspberry pi4
images/148.png,10,8,353,123,protoboar
images/538.png,17,102,584,486,Raspberry pi4
images/900.png,193,205,1767,1256,Raspberry pi4
images/613.png,2,6,248,182,Raspberry pi4
images/768.png,190,151,1969,1235,Raspberry pi4
images/153.png,4,11,134,197,protoboar
images/13.png,14,18,551,533,protoboar
images/318.png,9,7,571,536,protoboar
images/638.png,29,29,231,161,Raspberry pi4
images/321.png,9,6,570,531,protoboar
images/849.png,248,31,1920,1433,Raspberry pi4
images/902.png,339,163,1946,1277,Raspberry pi4
images/87.png,19,26,497,183,protoboar
images/211.png,77,28,465,175,protoboar
images/645.png,27,26,238,167,Raspberry pi4
images/844.png,476,256,1874,1261,Raspberry pi4
images/446.png,1,4,692,226,protoboar
images/791.png,430,21,1858,1463,Raspberry pi4
images/555.png,290,286,1793,1170,Raspberry pi4
images/111.png,77,28,467,174,protoboar
images/656.png,34,16,231,167,Raspberry pi4
images/427.png,8,19,478,473,protoboar
images/272.png,2,2,225,222,protoboar
images/20.png,4,14,319,259,protoboar
images/390.png,28,33,724,274,protoboar
images/398.png,7,1,512,507,protoboar
images/743.png,11,12,249,179,Raspberry pi4
images/193.png,2,1,206,203,protoboar
images/31.png,15,4,645,440,protoboar
images/325.png,133,18,434,534,protoboar
images/145.png,5,1,205,199,protoboar
images/940.png,281,345,1683,1296,Raspberry pi4
images/177.png,8,1,249,165,protoboar
images/808.png,132,177,1562,1349,Raspberry pi4
images/816.png,95,131,1788,1433,Raspberry pi4
images/74.png,180,16,385,543,protoboar
images/417.png,4,5,532,577,protoboar
images/905.png,255,154,1941,1356,Raspberry pi4
images/239.png,8,9,358,124,protoboar
images/899.png,95,75,1679,1310,Raspberry pi4
images/399.png,4,2,512,506,protoboar
images/1030.png,383,289,1813,1207,Raspberry pi4
images/381.png,31,36,727,271,protoboar
images/83.png,25,15,252,192,protoboar
images/455.png,1,3,700,224,protoboar
images/208.png,1,2,203,203,protoboar
images/1006.png,132,107,1958,1375,Raspberry pi4
images/112.png,11,11,356,124,protoboar
images/159.png,19,16,203,189,protoboar
images/878.png,411,84,1276,1356,Raspberry pi4
images/959.png,295,372,1493,1300,Raspberry pi4
images/584.png,157,702,1325,1561,Raspberry pi4
images/595.png,9,5,1600,1112,Raspberry pi4
images/343.png,3,6,571,529,protoboar
images/337.png,14,4,429,650,protoboar
images/450.png,7,5,410,260,protoboar
images/358.png,5,2,578,517,protoboar
images/456.png,1,2,395,126,protoboar
images/685.png,39,5,194,218,Raspberry pi4
images/183.png,53,23,155,178,protoboar
images/886.png,202,158,1709,1354,Raspberry pi4
images/880.png,395,405,1744,1228,Raspberry pi4
images/400.png,1,1,512,503,protoboar
images/379.png,28,38,723,266,protoboar
images/196.png,2,2,225,221,protoboar
images/829.png,388,45,1431,1536,Raspberry pi4
images/731.png,151,47,1958,1377,Raspberry pi4
images/786.png,139,154,1872,1289,Raspberry pi4
images/68.png,99,50,500,532,protoboar
images/407.png,2,1,106,319,protoboar
images/929.png,44,182,1676,1256,Raspberry pi4
images/88.png,38,6,162,194,protoboar
images/650.png,27,1,275,164,Raspberry pi4
images/1005.png,113,121,1906,1279,Raspberry pi4
images/160.png,21,11,201,187,protoboar
images/937.png,46,245,1734,1245,Raspberry pi4
images/39.png,50,58,525,494,protoboar
images/548.png,4,83,1600,1117,Raspberry pi4
images/924.png,251,228,1853,1298,Raspberry pi4
images/726.png,137,172,2002,1312,Raspberry pi4
images/765.png,313,151,1823,1307,Raspberry pi4
images/1017.png,274,205,1886,1335,Raspberry pi4
images/523.png,41,24,375,262,Raspberry pi4
images/933.png,58,254,1704,1347,Raspberry pi4
images/441.png,1,3,699,226,protoboar
images/8.png,1,1,528,573,protoboar
images/951.png,802,47,1679,1358,Raspberry pi4
images/827.png,23,91,1704,1489,Raspberry pi4
images/52.png,9,6,512,502,protoboar
images/62.png,1,1,253,195,protoboar
images/532.png,112,79,1416,1333,Raspberry pi4
images/113.png,9,9,354,121,protoboar
images/403.png,2,1,106,318,protoboar
images/341.png,327,171,550,551,protoboar
images/116.png,12,23,502,188,protoboar
images/528.png,55,45,1473,1324,Raspberry pi4
images/278.png,9,15,344,129,protoboar
images/769.png,95,82,1916,1207,Raspberry pi4
images/271.png,1,2,368,348,protoboar
images/914.png,137,91,1869,1300,Raspberry pi4
images/779.png,446,119,1795,1238,Raspberry pi4
images/952.png,811,14,1681,1375,Raspberry pi4
images/676.png,69,1,218,179,Raspberry pi4
images/255.png,23,32,736,280,protoboar
images/597.png,6,156,1169,1035,Raspberry pi4
images/653.png,10,4,212,141,Raspberry pi4
images/956.png,379,217,1913,1182,Raspberry pi4
images/129.png,9,9,355,121,protoboar
images/817.png,120,35,1874,1386,Raspberry pi4
images/637.png,20,3,276,168,Raspberry pi4
images/297.png,19,5,530,573,protoboar
images/491.png,7,7,580,568,protoboar
images/853.png,583,140,1939,1312,Raspberry pi4
images/605.png,38,17,237,157,Raspberry pi4
images/1.png,17,1,246,195,protoboar
images/575.png,267,210,1879,1349,Raspberry pi4
images/784.png,123,175,1793,1254,Raspberry pi4
images/78.png,7,4,293,196,protoboar
images/713.png,386,300,1741,1165,Raspberry pi4
images/241.png,1,4,216,232,protoboar
images/442.png,1,2,393,127,protoboar
images/207.png,11,9,354,123,protoboar
images/77.png,8,7,271,179,protoboar
images/948.png,465,312,1811,1307,Raspberry pi4
images/912.png,262,140,1927,1247,Raspberry pi4
images/1021.png,295,275,1897,1193,Raspberry pi4
images/504.png,33,30,721,273,protoboar
images/697.png,10,8,212,134,Raspberry pi4
images/683.png,48,6,186,213,Raspberry pi4
images/80.png,3,10,592,196,protoboar
images/125.png,1,1,189,203,protoboar
images/736.png,337,272,1788,1191,Raspberry pi4
images/37.png,8,26,562,213,protoboar
images/459.png,1,3,696,226,protoboar
images/741.png,22,12,233,167,Raspberry pi4
images/519.png,17,24,120,200,Raspberry pi4
images/110.png,4,4,312,200,protoboar
images/689.png,18,13,246,156,Raspberry pi4
images/665.png,6,7,250,180,Raspberry pi4
images/835.png,288,54,1941,1410,Raspberry pi4
images/565.png,97,214,1841,1347,Raspberry pi4
images/756.png,137,128,1888,1326,Raspberry pi4
images/524.png,29,7,382,259,Raspberry pi4
images/270.png,25,97,469,513,protoboar
images/760.png,648,77,1544,1386,Raspberry pi4
images/832.png,279,182,1879,1289,Raspberry pi4
images/958.png,341,168,1920,1177,Raspberry pi4
images/865.png,606,63,1648,1510,Raspberry pi4
images/896.png,165,119,1606,1256,Raspberry pi4
images/641.png,23,27,226,163,Raspberry pi4
images/526.png,32,16,383,249,Raspberry pi4
images/186.png,10,11,242,195,protoboar
images/879.png,518,131,1341,1398,Raspberry pi4
images/127.png,1,2,205,201,protoboar
images/147.png,17,4,256,203,protoboar
images/705.png,74,7,196,182,Raspberry pi4
images/368.png,38,33,529,507,protoboar
images/421.png,3,9,491,490,protoboar
images/957.png,306,242,1906,1175,Raspberry pi4
images/122.png,1,3,205,201,protoboar
images/1015.png,279,228,1758,1268,Raspberry pi4
images/926.png,239,263,1827,1284,Raspberry pi4
images/152.png,12,17,192,195,protoboar
images/85.png,8,40,306,155,protoboar
images/776.png,474,28,1669,1412,Raspberry pi4
images/678.png,12,51,203,180,Raspberry pi4
images/360.png,8,5,532,566,protoboar
images/1029.png,358,224,1834,1265,Raspberry pi4
images/821.png,237,240,1658,1314,Raspberry pi4
images/199.png,2,10,435,410,protoboar
images/783.png,134,275,1816,1428,Raspberry pi4
images/618.png,4,2,239,181,Raspberry pi4
images/539.png,14,57,583,489,Raspberry pi4
images/574.png,18,131,1688,1119,Raspberry pi4
images/813.png,409,7,1895,1210,Raspberry pi4
images/590.png,153,345,1185,1895,Raspberry pi4
images/16.png,20,6,620,384,protoboar
images/149.png,3,1,206,204,protoboar
images/495.png,27,36,723,268,protoboar
images/516.png,29,18,258,178,Raspberry pi4
images/781.png,260,168,1937,1282,Raspberry pi4
images/405.png,1,1,106,317,protoboar
images/882.png,481,419,1744,1196,Raspberry pi4
images/720.png,660,219,1420,1358,Raspberry pi4
images/615.png,4,5,243,188,Raspberry pi4
images/893.png,146,38,1520,1470,Raspberry pi4
images/909.png,193,54,1930,1351,Raspberry pi4
images/778.png,551,35,1630,1468,Raspberry pi4
images/438.png,4,2,596,188,protoboar
images/777.png,651,3,1693,1470,Raspberry pi4
images/429.png,159,4,343,489,protoboar
images/91.png,5,4,312,206,protoboar
images/764.png,290,21,1937,1438,Raspberry pi4
images/319.png,5,4,571,517,protoboar
images/545.png,11,25,1600,1117,Raspberry pi4
images/97.png,13,20,341,127,protoboar
images/476.png,15,13,1039,346,protoboar
images/677.png,67,9,197,181,Raspberry pi4
images/820.png,169,254,1655,1289,Raspberry pi4
images/596.png,1,67,1191,1046,Raspberry pi4
images/260.png,2,3,532,575,protoboar
images/363.png,6,10,532,573,protoboar
images/946.png,509,291,1806,1265,Raspberry pi4
images/192.png,6,23,327,131,protoboar
images/117.png,14,18,529,184,protoboar
images/290.png,180,15,380,542,protoboar
images/599.png,9,65,585,493,Raspberry pi4
images/621.png,10,72,215,202,Raspberry pi4
images/499.png,26,39,724,268,protoboar
images/1026.png,244,145,2025,1351,Raspberry pi4
images/182.png,1,1,155,238,protoboar
images/264.png,4,3,507,577,protoboar
images/392.png,29,34,725,271,protoboar
images/50.png,1,11,110,205,protoboar
images/347.png,135,55,421,490,protoboar
images/730.png,179,172,1979,1324,Raspberry pi4
images/153.png,142,6,271,192,protoboar
images/369.png,40,11,532,501,protoboar
images/367.png,35,18,516,491,protoboar
images/304.png,19,26,730,273,protoboar
images/9.png,1,3,378,344,protoboar
images/601.png,17,6,284,172,Raspberry pi4
images/580.png,255,226,1858,1338,Raspberry pi4
images/586.png,147,717,1357,1583,Raspberry pi4
images/4.png,1,1,108,315,protoboar
images/118.png,6,21,252,190,protoboar
images/884.png,481,417,1758,1224,Raspberry pi4
images/789.png,100,226,1500,1128,Raspberry pi4
images/165.png,3,1,204,196,protoboar
images/25.png,4,2,571,535,protoboar
images/704.png,28,46,211,175,Raspberry pi4
images/818.png,139,72,1772,1407,Raspberry pi4
images/659.png,47,7,267,143,Raspberry pi4
images/185.png,3,1,189,206,protoboar
images/440.png,1,2,395,126,protoboar
images/750.png,104,119,1883,1417,Raspberry pi4
images/334.png,2,9,429,650,protoboar
images/843.png,453,275,1860,1242,Raspberry pi4
images/114.png,13,11,353,120,protoboar
images/746.png,111,289,1874,1405,Raspberry pi4
images/617.png,4,2,250,185,Raspberry pi4
images/64.png,1,4,308,200,protoboar
images/475.png,4,4,362,120,protoboar
images/70.png,36,11,523,532,protoboar
images/311.png,24,31,725,274,protoboar
images/40.png,42,44,550,503,protoboar
images/140.png,10,9,354,121,protoboar
images/509.png,8,10,185,182,Raspberry pi4
images/344.png,1,2,571,525,protoboar
images/570.png,72,68,1704,1091,Raspberry pi4
images/614.png,2,3,239,187,Raspberry pi4
images/534.png,13,50,586,490,Raspberry pi4
images/564.png,162,177,1832,1326,Raspberry pi4
images/225.png,19,24,498,185,protoboar
